/img/import/images/Glossary/21.jpg,/img/import/images/Glossary/21.jpg,,,
/img/import/images/Glossary/76.jpg,/img/import/images/Glossary/76.jpg,,,
/img/import/images/Glossary/77.jpg,/img/import/images/Glossary/77.jpg,,,
/img/import/images/Glossary/How-to-Calculate-Your-Ball-Mount-Drop.jpg,/img/import/images/Glossary/How-to-Calculate-Your-Ball-Mount-Drop.jpg,,,
/img/import/images/Glossary/Ball-Mount.jpg,/img/import/images/Glossary/Ball-Mount.jpg,,,
/img/import/images/Glossary/01.jpg,/img/import/images/Glossary/01.jpg,,,
/img/import/images/Glossary/15.jpg,/img/import/images/Glossary/15.jpg,,,
/img/import/images/Glossary/16.jpg,/img/import/images/Glossary/16.jpg,,,
/img/import/images/Glossary/17.jpg,/img/import/images/Glossary/17.jpg,,,
/img/import/images/Glossary/25.jpg,/img/import/images/Glossary/25.jpg,,,
/img/import/images/Glossary/02.jpg,/img/import/images/Glossary/02.jpg,,,
/img/import/images/Glossary/24.jpg,/img/import/images/Glossary/24.jpg,,,
/img/import/images/Glossary/26.jpg,/img/import/images/Glossary/26.jpg,,,
/img/import/images/Glossary/42.jpg,/img/import/images/Glossary/42.jpg,,,
/img/import/images/Glossary/87.jpg,/img/import/images/Glossary/87.jpg,,,
/img/import/images/Glossary/Class 1.jpg,/img/import/images/Glossary/Class 1.jpg,,,
/img/import/images/Glossary/Class 2.jpg,/img/import/images/Glossary/Class 2.jpg,,,
/img/import/images/Glossary/Class 3.jpg,/img/import/images/Glossary/Class 3.jpg,,,
/img/import/images/Glossary/Class 4.jpg,/img/import/images/Glossary/Class 4.jpg,,,
/img/import/images/Glossary/Class 5.jpg,/img/import/images/Glossary/Class 5.jpg,,,
/img/import/images/Glossary/33.jpg,/img/import/images/Glossary/33.jpg,,,
/img/import/images/Glossary/34.jpg,/img/import/images/Glossary/34.jpg,,,
/img/import/images/Glossary/18.jpg,/img/import/images/Glossary/18.jpg,,,
/img/import/images/Glossary/36.jpg,/img/import/images/Glossary/36.jpg,,,
/img/import/images/Glossary/38.jpg,/img/import/images/Glossary/38.jpg,,,
/img/import/images/Glossary/39.jpg,/img/import/images/Glossary/39.jpg,,,
/img/import/images/Glossary/40.jpg,/img/import/images/Glossary/40.jpg,,,
/img/import/images/Glossary/41.jpg,/img/import/images/Glossary/41.jpg,,,
/img/import/images/Glossary/05.jpg,/img/import/images/Glossary/05.jpg,,,
/img/import/images/Glossary/43.jpg,/img/import/images/Glossary/43.jpg,,,
/img/import/images/Glossary/44.jpg,/img/import/images/Glossary/44.jpg,,,
/img/import/images/Glossary/85.jpg,/img/import/images/Glossary/85.jpg,,,
/img/import/images/Glossary/10.jpg,/img/import/images/Glossary/10.jpg,,,
/img/import/images/Glossary/Gooeneck-HItch.jpg,/img/import/images/Glossary/Gooeneck-HItch.jpg,,,
/img/import/images/Glossary/62.jpg,/img/import/images/Glossary/62.jpg,,,
/img/import/images/Glossary/94.jpg,/img/import/images/Glossary/94.jpg,,,
/img/import/images/Glossary/46.jpg,/img/import/images/Glossary/46.jpg,,,
/img/import/images/Glossary/47.jpg,/img/import/images/Glossary/47.jpg,,,
http://fileresource.sitepro.com/filemanager/66/imagecollections/2488/45785_a.jpg,/img/import/images/Glossary/13.jpg,,,
/img/import/images/Glossary/40.jpg,/img/import/images/Glossary/40.jpg,,,
http://fileresource.sitepro.com/filemanager/66/imagecollections/2488/45791_a.jpg,/img/import/images/Glossary/12.jpg,,,
/fileresourceHitch_Lock.jpg,/img/import/images/Glossary/08.jpg,,,
/img/import/images/Glossary/Hitch-Pin.jpg,/img/import/images/Glossary/Hitch-Pin.jpg,,,
/fileresource0271C092-C315-2E0B-D589-91FD99B69D88.jpg,/img/import/images/Glossary/49.jpg,,,
/fileresource34273B76-0347-51E6-0ECD-A0F72238D531.jpg,/img/import/images/Glossary/50.jpg,,,
/fileresource0423B89F-7DF8-1127-1197-326A4FCCB46F.jpg,/img/import/images/Glossary/51.jpg,,,
/fileresource7D9FC6CA-E547-4DB4-2520-B9D9EF740753.jpg,/img/import/images/Glossary/53.jpg,,,
/fileresource58560AAC-D9F7-48A2-6AD8-EF3BFE1FEB2B.jpg,/img/import/images/Glossary/52.jpg,,,
/fileresource14B768BD-BE32-824A-0862-530496C403BB.jpg,/img/import/images/Glossary/54.jpg,,,
/img/import/images/Glossary/Hitch-Pin.jpg,/img/import/images/Glossary/Hitch-Pin.jpg,,,
/fileresource3EBF13CC-490E-B122-2F1A-AEBED143749B.jpg,/img/import/images/Glossary/55.jpg,,,
/img/import/images/Glossary/56.jpg,/img/import/images/Glossary/56.jpg,,,
/img/import/images/Glossary/14.jpg,/img/import/images/Glossary/14.jpg,,,
/img/import/images/Glossary/57.jpg,/img/import/images/Glossary/57.jpg,,,
/img/import/images/Glossary/18.jpg,/img/import/images/Glossary/18.jpg,,,
/img/import/images/Glossary/58.jpg,/img/import/images/Glossary/58.jpg,,,
/img/import/images/Glossary/59.jpg,/img/import/images/Glossary/59.jpg,,,
/img/import/images/Glossary/60.jpg,/img/import/images/Glossary/60.jpg,,,
/img/import/images/Glossary/Hitch-Pin.jpg,/img/import/images/Glossary/Hitch-Pin.jpg,,,
/img/import/images/Glossary/61.jpg,/img/import/images/Glossary/61.jpg,,,
/img/import/images/Glossary/63.jpg,/img/import/images/Glossary/63.jpg,,,
/img/import/images/Glossary/91.jpg,/img/import/images/Glossary/91.jpg,,,
/img/import/images/Glossary/03.jpg,/img/import/images/Glossary/03.jpg,,,
/img/import/images/Glossary/Safety-Chains.jpg,/img/import/images/Glossary/Safety-Chains.jpg,,,
/img/import/images/Glossary/66.jpg,/img/import/images/Glossary/66.jpg,,,
/img/import/images/Glossary/65.jpg,/img/import/images/Glossary/65.jpg,,,
/img/import/images/Glossary/67.jpg,/img/import/images/Glossary/67.jpg,,,
/img/import/images/Glossary/68.jpg,/img/import/images/Glossary/68.jpg,,,
/img/import/images/Glossary/Stabilizing-Strap.jpg,/img/import/images/Glossary/Stabilizing-Strap.jpg,,,
/img/import/images/Glossary/71.jpg,/img/import/images/Glossary/71.jpg,,,
/img/import/images/Glossary/72.jpg,/img/import/images/Glossary/72.jpg,,,
/img/import/images/Glossary/80.jpg,/img/import/images/Glossary/80.jpg,,,
/img/import/images/Glossary/73.jpg,/img/import/images/Glossary/73.jpg,,,
/img/import/images/Glossary/Sway-Control.jpg,/img/import/images/Glossary/Sway-Control.jpg,,,
/img/import/images/Glossary/97.jpg,/img/import/images/Glossary/97.jpg,,,
/img/import/images/Glossary/98.jpg,/img/import/images/Glossary/98.jpg,,,
/img/import/images/Glossary/19.jpg,/img/import/images/Glossary/19.jpg,,,
/img/import/images/Glossary/20.jpg,/img/import/images/Glossary/20.jpg,,,
/img/import/images/Glossary/77.jpg,/img/import/images/Glossary/77.jpg,,,
/img/import/images/Glossary/78.jpg,/img/import/images/Glossary/78.jpg,,,
/img/import/images/Glossary/09.jpg,/img/import/images/Glossary/09.jpg,,,
/img/import/images/Glossary/81.jpg,/img/import/images/Glossary/81.jpg,,,
/img/import/images/Glossary/82.jpg,/img/import/images/Glossary/82.jpg,,,
/img/import/images/Glossary/83.jpg,/img/import/images/Glossary/83.jpg,,,
/img/import/images/Glossary/84.jpg,/img/import/images/Glossary/84.jpg,,,
/img/import/images/Glossary/86.jpg,/img/import/images/Glossary/86.jpg,,,
/img/import/images/Glossary/Tongue-Weight.jpg,/img/import/images/Glossary/Tongue-Weight.jpg,,,
/img/import/images/Glossary/04.jpg,/img/import/images/Glossary/04.jpg,,,
/img/import/images/Glossary/95.jpg,/img/import/images/Glossary/95.jpg,,,
/img/import/images/Glossary/90.jpg,/img/import/images/Glossary/90.jpg,,,
/fileresource6AF362CA-A0D3-FB56-2141-2F3D1077E23F.jpg,/img/import/images/Glossary/Weight-Distribution.jpg,,,
/fileresource5087E35C-10D4-C5F3-73EA-C084D5E472B8.jpg,/img/import/images/Glossary/Sway-Control.jpg,,,
/fileresource8625DD13-B963-ACB2-E05A-68F258F7AF54.jpg,/img/import/images/Glossary/93.jpg,,,
/fileresource2E07E235-0D2A-91A0-4E46-79E0BDCD1507.jpg,/img/import/images/Glossary/96.jpg,,,
